Instance,LB,ILB,TLB,UP,IUP,TUP,GAP,ITER,TIME,OPTG,OPTS
Spd_RF2_100_114_1811,23.13,1,0,26,405,0,2.87,1754796,10,0,0
Spd_RF2_100_114_1819,20.78,1,0,25,152085,1,4.22,1391636,10,0,0
Spd_RF2_100_114_1827,21.1,6,0,25,147,0,3.9,1558751,10,0,0
Spd_RF2_100_114_1835,20.83,1,0,23,2858,0,2.17,1341762,10,0,0
Spd_RF2_100_114_1843,19.38,1,0,26,15,0,6.62,75488,10,0,0
Spd_RF2_100_129_1851,13.2,17,0,19,34584,0,5.8,1102412,10,0,0
Spd_RF2_100_129_1859,12.15,10,0,21,10,0,8.85,1045942,10,0,0
Spd_RF2_100_129_1867,11.92,3,0,21,3845,0,9.08,1536842,10,0,0
Spd_RF2_100_129_1875,13.01,460446,4,19,251671,2,5.99,1099920,10,0,0
Spd_RF2_100_129_1883,12.13,27,0,18,9540,1,5.87,60458,10,0,0
Spd_RF2_100_144_1891,8.92,35,0,15,211842,2,6.08,816904,10,0,0
Spd_RF2_100_144_1899,7.04,212075,2,16,33961,0,8.96,845002,10,0,0
Spd_RF2_100_144_1907,11.02,660716,8,18,31383,0,6.98,737111,10,0,0
Spd_RF2_100_144_1915,4.29,20,0,15,12772,0,10.71,687773,10,0,0
Spd_RF2_100_144_1923,9.43,31,0,18,8373,2,8.57,46748,10,0,0
Spd_RF2_100_159_1931,3.76,35,0,15,112089,1,11.24,842232,10,0,0
Spd_RF2_100_159_1939,4.31,28,0,17,7,0,12.69,830786,10,0,0
Spd_RF2_100_159_1947,1.95,182686,2,15,451890,5,13.05,842545,10,0,0
Spd_RF2_100_159_1955,4.27,27,0,13,113752,1,8.73,796422,10,0,0
Spd_RF2_100_159_1963,6.14,580230,6,16,385053,4,9.86,834926,10,0,0
Spd_RF2_100_174_1971,4.91,270732,4,14,444540,6,9.09,711318,10,0,0
Spd_RF2_100_174_1979,2.81,39,0,15,138023,1,12.19,788904,10,0,0
Spd_RF2_100_174_1987,4.94,383198,4,16,135591,1,11.06,688249,10,0,0
Spd_RF2_100_174_1995,3.57,51,0,14,10,0,10.43,620187,10,0,0
Spd_RF2_100_174_2003,1.94,54,0,13,3690,0,11.06,719613,10,0,0
Spd_RF2_120_136_2211,27.84,3,0,32,2,0,4.16,1387598,10,0,0
Spd_RF2_120_136_2219,25.58,1,0,31,2,0,5.42,1113828,10,0,0
Spd_RF2_120_136_2227,24.53,1,0,32,0,0,7.47,1630902,10,0,0
Spd_RF2_120_136_2235,27.5,8100,0,32,70,0,4.5,62565,10,0,0
Spd_RF2_120_136_2243,26.49,3,0,33,3,0,6.51,1087150,10,0,0
Spd_RF2_120_152_2251,17.2,813508,8,25,0,0,7.8,930361,10,0,0
Spd_RF2_120_152_2259,17.47,6,0,24,74828,0,6.53,931095,10,0,0
Spd_RF2_120_152_2267,18.31,27,0,25,22446,0,6.69,930689,10,0,0
Spd_RF2_120_152_2275,16.28,3,0,23,4516,0,6.72,50471,10,0,0
Spd_RF2_120_152_2283,21.02,17192,0,25,114598,1,3.98,695699,10,0,0
Spd_RF2_120_169_2291,11.72,28,0,22,2987,0,10.28,37336,10,0,0
Spd_RF2_120_169_2299,12.15,309823,5,21,156856,2,8.85,596406,10,0,0
Spd_RF2_120_169_2307,8.2,25,0,21,2,0,12.8,615290,10,0,0
Spd_RF2_120_169_2315,10.54,35,0,22,76040,0,11.46,791702,10,0,0
Spd_RF2_120_169_2323,13.1,26,0,20,73997,0,6.9,820116,10,0,0
Spd_RF2_120_185_2331,4.55,19,0,17,226005,4,12.45,656763,10,0,0
Spd_RF2_120_185_2339,7.02,179250,2,20,375814,4,12.98,650318,10,0,0
Spd_RF2_120_185_2347,7.22,30,0,19,384145,5,11.78,700813,10,0,0
Spd_RF2_120_185_2355,5,463751,6,17,33928,0,12,678655,10,0,0
Spd_RF2_120_185_2363,8.98,30124,0,17,422815,6,8.02,703380,10,0,0
Spd_RF2_120_202_2371,2.77,30,0,18,17317,0,15.23,486617,10,0,0
Spd_RF2_120_202_2379,5.91,26,0,18,165960,2,12.09,621730,10,0,0
Spd_RF2_120_202_2387,5.94,315325,4,17,440894,6,11.06,639548,10,0,0
Spd_RF2_120_202_2395,3.02,34,0,18,256359,4,14.98,621976,10,0,0
Spd_RF2_120_202_2403,5.96,602688,9,17,281934,4,11.04,635260,10,0,0
Spd_RF2_140_157_2611,30.45,1,0,36,15225,0,5.55,1051276,10,0,0
Spd_RF2_140_157_2619,31.35,1,0,36,1032,0,4.65,933622,10,0,0
Spd_RF2_140_157_2627,29.95,1,0,37,2823,0,7.05,888676,10,0,0
Spd_RF2_140_157_2635,30.07,1,0,37,1,0,6.93,1006417,10,0,0
Spd_RF2_140_157_2643,29.35,1,0,35,20,0,5.65,959233,10,0,0
Spd_RF2_140_175_2651,18,1,0,25,739924,9,7,787093,10,0,0
Spd_RF2_140_175_2659,22.03,1,0,31,247026,4,8.97,718753,10,0,0
Spd_RF2_140_175_2667,20.37,6,0,29,0,0,8.63,717569,10,0,0
Spd_RF2_140_175_2675,20.17,674540,8,29,23182,0,8.83,799883,10,0,0
Spd_RF2_140_175_2683,23.16,30,0,30,6,0,6.84,812716,10,0,0
Spd_RF2_140_193_2691,13.45,437992,6,23,1251,0,9.55,693724,10,0,0
Spd_RF2_140_193_2699,10.47,10,0,24,163312,2,13.53,665371,10,0,0
Spd_RF2_140_193_2707,14.49,24,0,24,13,0,9.51,649268,10,0,0
Spd_RF2_140_193_2715,12.25,7,0,27,151052,2,14.75,675527,10,0,0
Spd_RF2_140_193_2723,10,8,0,27,553912,9,17,583198,10,0,0
Spd_RF2_140_211_2731,10.2,40,0,21,158376,2,10.8,543874,10,0,0
Spd_RF2_140_211_2739,10.67,18,0,25,31395,0,14.33,353817,10,0,0
Spd_RF2_140_211_2747,10.27,306346,6,26,11,0,15.73,505720,10,0,0
Spd_RF2_140_211_2755,11.06,368119,6,21,125837,2,9.94,593333,10,0,0
Spd_RF2_140_211_2763,9.01,526582,8,23,310440,5,13.99,590871,10,0,0
Spd_RF2_140_229_2771,3.26,35,0,21,428869,8,17.74,522714,10,0,0
Spd_RF2_140_229_2779,2.55,20,0,20,181254,3,17.45,550842,10,0,0
Spd_RF2_140_229_2787,4.59,261711,9,18,130145,7,13.41,275616,10,0,0
Spd_RF2_140_229_2795,8.17,33,0,22,489251,9,13.83,519934,10,0,0
Spd_RF2_140_229_2803,5.4,33,0,23,55395,1,17.6,525326,10,0,0
Spd_RF2_160_179_3011,35.95,3,0,41,84260,1,5.05,812519,10,0,0
Spd_RF2_160_179_3019,35.77,1,0,41,1720,0,5.23,798260,10,0,0
Spd_RF2_160_179_3027,35.55,1,0,44,746,0,8.45,585506,10,0,0
Spd_RF2_160_179_3035,35.58,1,0,41,630887,9,5.42,664044,10,0,0
Spd_RF2_160_179_3043,36.79,6,0,41,1197,0,4.21,744271,10,0,0
Spd_RF2_160_198_3051,29.01,1684,0,35,217430,4,5.99,491361,10,0,0
Spd_RF2_160_198_3059,22.8,1,0,35,19941,0,12.2,498444,10,0,0
Spd_RF2_160_198_3067,26.56,3,0,36,8233,0,9.44,685916,10,0,0
Spd_RF2_160_198_3075,23.62,1,0,35,12892,1,11.38,585075,10,0,0
Spd_RF2_160_198_3083,25.76,3,0,37,14399,0,11.24,671318,10,0,0
Spd_RF2_160_218_3091,16.1,29099,0,30,397763,6,13.9,598769,10,0,0
Spd_RF2_160_218_3099,20.37,177868,3,34,2228,0,13.63,555319,10,0,0
Spd_RF2_160_218_3107,14.16,81429,1,29,7404,0,14.84,660155,10,0,0
Spd_RF2_160_218_3115,18.01,475284,8,29,196493,2,10.99,562249,10,0,0
Spd_RF2_160_218_3123,16.62,9,0,31,178757,4,14.38,436782,10,0,0
Spd_RF2_160_237_3131,15.43,31,0,30,11,0,14.57,531490,10,0,0
Spd_RF2_160_237_3139,9,510930,9,28,332672,6,19,535737,10,0,0
Spd_RF2_160_237_3147,8.36,23,0,28,64622,1,19.64,513721,10,0,0
Spd_RF2_160_237_3155,8.96,486945,9,27,434880,8,18.04,501195,10,0,0
Spd_RF2_160_237_3163,13.97,27453,0,28,120555,2,14.03,531379,10,0,0
Spd_RF2_160_257_3171,9.49,32,0,28,81416,2,18.51,345496,10,0,0
Spd_RF2_160_257_3179,9.36,31,0,30,18,0,20.64,22082,10,0,0
Spd_RF2_160_257_3187,3.42,20,0,26,16098,0,22.58,365938,10,0,0
Spd_RF2_160_257_3195,7.17,31,0,25,215108,4,17.83,475354,10,0,0
Spd_RF2_160_257_3203,7.95,341712,6,25,44044,0,17.05,498545,10,0,0
Spd_RF2_180_200_3411,43.83,1,0,48,329069,5,4.17,688064,10,0,0
Spd_RF2_180_200_3419,42.65,1,0,49,128037,1,6.35,640939,10,0,0
Spd_RF2_180_200_3427,41.87,1,0,48,160880,2,6.13,535157,10,0,0
Spd_RF2_180_200_3435,42.63,1,0,48,9,0,5.37,728477,10,0,0
Spd_RF2_180_200_3443,39.32,1,0,46,450446,6,6.68,694702,10,0,0
Spd_RF2_180_221_3451,26.55,1,0,38,136709,3,11.45,535308,10,0,0
Spd_RF2_180_221_3459,26.8,1,0,39,173985,2,12.2,602970,10,0,0
Spd_RF2_180_221_3467,28.47,9,0,40,11,0,11.53,415383,10,0,0
Spd_RF2_180_221_3475,27.57,1,0,42,0,0,14.43,26439,10,0,0
Spd_RF2_180_221_3483,33.26,28,0,42,213955,4,8.74,453915,10,0,0
Spd_RF2_180_242_3491,18.84,11,0,36,302232,6,17.16,499644,10,0,0
Spd_RF2_180_242_3499,20.74,23,0,35,118532,2,14.26,512260,10,0,0
Spd_RF2_180_242_3507,17.9,10,0,33,424231,8,15.1,486765,10,0,0
Spd_RF2_180_242_3515,19.98,284091,4,36,121418,2,16.02,572352,10,0,0
Spd_RF2_180_242_3523,16.48,12,0,34,305189,5,17.52,493256,10,0,0
Spd_RF2_180_263_3531,9.21,20,0,27,99633,2,17.79,345125,10,0,0
Spd_RF2_180_263_3539,14.63,29,0,30,12,0,15.37,411263,10,0,0
Spd_RF2_180_263_3547,14.74,34,0,30,26,0,15.26,451059,10,0,0
Spd_RF2_180_263_3555,13.34,408679,8,32,159131,3,18.66,478429,10,0,0
Spd_RF2_180_263_3563,14.41,109248,2,34,72343,1,19.59,471277,10,0,0
Spd_RF2_180_284_3571,6.75,25,0,26,125024,2,19.25,438173,10,0,0
Spd_RF2_180_284_3579,8.36,23,0,29,5328,0,20.64,423161,10,0,0
Spd_RF2_180_284_3587,4.38,24,0,28,36012,1,23.62,411086,10,0,0
Spd_RF2_180_284_3595,12.98,393527,9,31,411782,9,18.02,416100,10,0,0
Spd_RF2_180_284_3603,14.96,268880,5,33,268954,5,18.04,450046,10,0,0
Spd_RF2_200_222_3811,47.8,1,0,54,9,0,6.2,644622,10,0,0
Spd_RF2_200_222_3819,47.2,6,0,52,373950,6,4.8,597293,10,0,0
Spd_RF2_200_222_3827,46.01,3,0,52,206,0,5.99,599322,10,0,0
Spd_RF2_200_222_3835,46.1,1,0,54,0,0,7.9,647166,10,0,0
Spd_RF2_200_222_3843,46.92,1,0,52,9,0,5.08,645318,10,0,0
Spd_RF2_200_244_3851,35.35,1,0,45,6614,0,9.65,447133,10,0,0
Spd_RF2_200_244_3859,36.86,6,0,48,20,0,11.14,458319,10,0,0
Spd_RF2_200_244_3867,33.12,10,0,46,0,0,12.88,481237,10,0,0
Spd_RF2_200_244_3875,31.52,7,0,45,79199,1,13.48,538143,10,0,0
Spd_RF2_200_244_3883,31.21,5,0,45,167729,3,13.79,531602,10,0,0
Spd_RF2_200_267_3891,21.65,10,0,42,3,0,20.35,464697,10,0,0
Spd_RF2_200_267_3899,21.81,11,0,38,389516,8,16.19,467284,10,0,0
Spd_RF2_200_267_3907,25.99,207354,4,41,0,0,15.01,496451,10,0,0
Spd_RF2_200_267_3915,24.97,50322,1,40,287844,7,15.03,410061,10,0,0
Spd_RF2_200_267_3923,24.28,32,0,39,0,0,14.72,463589,10,0,0
Spd_RF2_200_289_3931,14.01,67,0,36,351307,8,21.99,426340,10,0,0
Spd_RF2_200_289_3939,15.07,16,0,37,336198,7,21.93,428778,10,0,0
Spd_RF2_200_289_3947,15.11,28,0,36,108010,3,20.89,351421,10,0,0
Spd_RF2_200_289_3955,17.24,27,0,40,14055,0,22.76,363802,10,0,0
Spd_RF2_200_289_3963,16.93,32,0,37,8,0,20.07,386795,10,0,0
Spd_RF2_200_312_3971,11.08,24,0,34,21066,0,22.92,373464,10,0,0
Spd_RF2_200_312_3979,8.77,142294,3,39,30,0,30.23,377874,10,0,0
Spd_RF2_200_312_3987,13.83,55829,1,39,192781,4,25.17,393178,10,0,0
Spd_RF2_200_312_3995,9.85,19539,0,35,18407,0,25.15,363554,10,0,0
Spd_RF2_200_312_4003,12.54,22,0,38,2082,0,25.46,367258,10,0,0
Spd_RF2_20_27_211,1,45,0,2,108,0,1,10389869,10,0,0
Spd_RF2_20_27_219,1,1,0,3,1,0,2,9996334,10,0,0
Spd_RF2_20_27_227,1,17,0,2,12,0,1,17,0,1,0
Spd_RF2_20_27_235,2.14,3,0,3,3,0,0.86,3,0,1,0
Spd_RF2_20_27_243,3.03,12,0,4,0,0,0.97,12,0,1,0
Spd_RF2_20_34_251,0.3,840,0,2,49,0,1.7,7086439,10,0,0
Spd_RF2_20_34_259,0.12,176,0,1,1341,0,0.88,1341,0,1,0
Spd_RF2_20_34_267,0.31,149,0,2,19,0,1.69,5734227,10,0,0
Spd_RF2_20_34_275,0.01,29,0,2,12,0,1.99,5334640,10,0,0
Spd_RF2_20_34_283,0.99,44948,0,2,683,0,1.01,4131926,10,0,0
Spd_RF2_20_42_291,0,3514,0,1,1907,0,1,3514,0,1,0
Spd_RF2_20_42_299,-0.02,92,0,0,92,0,0.02,92,0,1,0
Spd_RF2_20_42_307,0,218244,0,1,9306,0,1,3320597,10,0,0
Spd_RF2_20_42_315,-0.01,1116666,4,1,232,0,1.01,3034470,10,0,0
Spd_RF2_20_42_323,-0.01,1595442,4,1,269,0,1.01,3259549,10,0,0
Spd_RF2_20_49_331,-0.02,861459,2,1,10187,0,1.02,3002216,10,0,0
Spd_RF2_20_49_339,-0.02,605087,2,1,12448,0,1.02,3016741,10,0,0
Spd_RF2_20_49_347,-0.02,1863811,6,1,70768,0,1.02,2858857,10,0,0
Spd_RF2_20_49_355,-0.02,2810103,8,1,13244,0,1.02,3195835,10,0,0
Spd_RF2_20_49_363,-0.02,1561217,4,1,12180,0,1.02,2800414,10,0,0
Spd_RF2_20_57_371,-0.03,9460,0,1,18,0,1.03,145615,10,0,0
Spd_RF2_20_57_379,-0.02,2358988,9,1,1479593,5,1.02,2611808,10,0,0
Spd_RF2_20_57_387,-0.03,1373707,5,1,6019,0,1.03,2709623,10,0,0
Spd_RF2_20_57_395,-0.03,1991935,8,1,1867562,8,1.03,2290350,10,0,0
Spd_RF2_20_57_403,-0.03,1942399,7,1,37,0,1.03,2655193,10,0,0
Spd_RF2_250_273_4011,62.48,3,0,71,0,0,8.52,553682,10,0,0
Spd_RF2_250_273_4019,60.52,1,0,69,8,0,8.48,435163,10,0,0
Spd_RF2_250_273_4027,61.15,1,0,68,38714,0,6.85,514019,10,0,0
Spd_RF2_250_273_4035,61.32,1,0,70,113480,2,8.68,521005,10,0,0
Spd_RF2_250_273_4043,62.72,1,0,67,3801,0,4.28,539599,10,0,0
Spd_RF2_250_297_4051,43.9,1,0,57,3891,0,13.1,436558,10,0,0
Spd_RF2_250_297_4059,47.72,1,0,62,5465,1,14.28,23298,10,0,0
Spd_RF2_250_297_4067,43.96,3,0,57,1,0,13.04,355633,10,0,0
Spd_RF2_250_297_4075,47.4,6,0,61,43,0,13.6,482129,10,0,0
Spd_RF2_250_297_4083,44.6,6,0,61,40074,0,16.4,390762,10,0,0
Spd_RF2_250_321_4091,35.42,6,0,57,321686,8,21.58,381658,10,0,0
Spd_RF2_250_321_4099,33.74,3,0,57,345914,9,23.26,375193,10,0,0
Spd_RF2_250_321_4107,31.88,3,0,54,0,0,22.12,328091,10,0,0
Spd_RF2_250_321_4115,35.15,11,0,56,37825,3,20.85,218031,10,0,0
Spd_RF2_250_321_4123,38.97,106112,3,56,1,0,17.03,291823,10,0,0
Spd_RF2_250_345_4131,22.91,304017,9,50,1,0,27.09,316534,10,0,0
Spd_RF2_250_345_4139,27.85,13,0,54,10,0,26.15,297032,10,0,0
Spd_RF2_250_345_4147,23.78,22,0,51,61146,1,27.22,354473,10,0,0
Spd_RF2_250_345_4155,21.41,84,0,51,80554,3,29.59,247133,10,0,0
Spd_RF2_250_345_4163,27.95,19677,0,51,5,0,23.05,292832,10,0,0
Spd_RF2_250_369_4171,19.83,45859,1,49,15,0,29.17,265756,10,0,0
Spd_RF2_250_369_4179,11.2,26489,1,46,190456,7,34.8,261067,10,0,0
Spd_RF2_250_369_4187,19.54,36,0,45,11,0,25.46,336669,10,0,0
Spd_RF2_250_369_4195,17.54,22,0,47,169220,5,29.46,279905,10,0,0
Spd_RF2_250_369_4203,16.09,21,0,48,13079,0,31.91,223909,10,0,0
Spd_RF2_300_326_4211,76.37,1,0,85,1,0,8.63,323841,10,0,0
Spd_RF2_300_326_4219,74.68,1,0,86,6,0,11.32,281424,10,0,0
Spd_RF2_300_326_4227,75.82,1,0,83,188775,6,7.18,282224,10,0,0
Spd_RF2_300_326_4235,75.62,1,0,84,10509,0,8.38,274115,10,0,0
Spd_RF2_300_326_4243,76.3,1,0,84,0,0,7.7,276643,10,0,0
Spd_RF2_300_353_4251,61.54,39,0,74,11,0,12.46,280523,10,0,0
Spd_RF2_300_353_4259,58.85,1,0,73,38542,1,14.15,341699,10,0,0
Spd_RF2_300_353_4267,59.22,1,0,80,0,0,20.78,282199,10,0,0
Spd_RF2_300_353_4275,58.69,1,0,79,6,0,20.31,254043,10,0,0
Spd_RF2_300_353_4283,58.63,1,0,77,7,0,18.37,346851,10,0,0
Spd_RF2_300_380_4291,48.67,14,0,69,2,0,20.33,304819,10,0,0
Spd_RF2_300_380_4299,45.47,1,0,67,8,0,21.53,280741,10,0,0
Spd_RF2_300_380_4307,42.22,7,0,69,0,0,26.78,314220,10,0,0
Spd_RF2_300_380_4315,39.06,1,0,65,1707,0,25.94,313460,10,0,0
Spd_RF2_300_380_4323,45.38,10,0,67,0,0,21.62,263330,10,0,0
Spd_RF2_300_407_4331,37.93,183921,6,60,2,0,22.07,270049,10,0,0
Spd_RF2_300_407_4339,35.98,8131,6,63,6,0,27.02,111880,10,0,0
Spd_RF2_300_407_4347,33.8,8,0,64,20,0,30.2,280736,10,0,0
Spd_RF2_300_407_4355,33.18,33664,1,61,0,0,27.82,266553,10,0,0
Spd_RF2_300_407_4363,32.45,6139,0,66,6,0,33.55,262394,10,0,0
Spd_RF2_300_434_4371,23.61,18,0,59,47918,2,35.39,234664,10,0,0
Spd_RF2_300_434_4379,27.9,198641,7,59,0,0,31.1,241884,10,0,0
Spd_RF2_300_434_4387,23.41,636,0,61,13,0,37.59,12679,10,0,0
Spd_RF2_300_434_4395,26.41,31,0,62,3721,2,35.59,15590,10,0,0
Spd_RF2_300_434_4403,28.1,19,0,64,4561,4,35.9,10077,10,0,0
Spd_RF2_350_378_4411,88.15,1,0,100,6864,5,11.85,159585,10,0,0
Spd_RF2_350_378_4419,86.82,1,0,97,12725,0,10.18,352745,10,0,0
Spd_RF2_350_378_4427,89.43,1,0,98,18,0,8.57,397292,10,0,0
Spd_RF2_350_378_4435,88.82,1,0,98,3,0,9.18,347867,10,0,0
Spd_RF2_350_378_4443,86.78,1,0,97,2578,0,10.22,331615,10,0,0
Spd_RF2_350_406_4451,74.2,1,0,90,20,0,15.8,207947,10,0,0
Spd_RF2_350_406_4459,70.85,1,0,87,6653,0,16.15,249625,10,0,0
Spd_RF2_350_406_4467,71.77,3,0,90,10,0,18.23,269161,10,0,0
Spd_RF2_350_406_4475,68.15,1,0,88,53007,1,19.85,295790,10,0,0
Spd_RF2_350_406_4483,67.95,1,0,90,23946,0,22.05,296138,10,0,0
Spd_RF2_350_435_4491,53.37,1,0,81,0,0,27.63,241672,10,0,0
Spd_RF2_350_435_4499,50.49,3,0,78,113312,5,27.51,218829,10,0,0
Spd_RF2_350_435_4507,51.57,3,0,77,1,0,25.43,239793,10,0,0
Spd_RF2_350_435_4515,56.84,9,0,80,4,0,23.16,241366,10,0,0
Spd_RF2_350_435_4523,54.09,9,0,80,6494,0,25.91,230766,10,0,0
Spd_RF2_350_463_4531,47.36,12,0,77,77984,4,29.64,192830,10,0,0
Spd_RF2_350_463_4539,42.24,6,0,76,16,0,33.76,244287,10,0,0
Spd_RF2_350_463_4547,38.97,5,0,77,37339,1,38.03,242590,10,0,0
Spd_RF2_350_463_4555,38.59,6,0,76,1,0,37.41,252047,10,0,0
Spd_RF2_350_463_4563,40.37,3,0,75,5042,0,34.63,245568,10,0,0
Spd_RF2_350_492_4571,33.7,29,0,66,6564,0,32.3,227766,10,0,0
Spd_RF2_350_492_4579,33.57,8,0,74,211612,9,40.43,223068,10,0,0
Spd_RF2_350_492_4587,26.4,26,0,69,6,0,42.6,221237,10,0,0
Spd_RF2_350_492_4595,27.53,11,0,69,131378,5,41.47,226110,10,0,0
Spd_RF2_350_492_4603,31.9,11,0,74,11,0,42.1,221899,10,0,0
Spd_RF2_400_429_4611,105.98,1,0,116,9,0,10.02,265934,10,0,0
Spd_RF2_400_429_4619,104.9,1,0,114,120493,5,9.1,213888,10,0,0
Spd_RF2_400_429_4627,106.47,1,0,115,9,0,8.53,240217,10,0,0
Spd_RF2_400_429_4635,101.25,1,0,113,28,0,11.75,266956,10,0,0
Spd_RF2_400_429_4643,106.95,1,0,115,7048,0,8.05,212878,10,0,0
Spd_RF2_400_459_4651,85.16,10,0,106,21447,0,20.84,196924,10,0,0
Spd_RF2_400_459_4659,81.93,1,0,101,6,0,19.07,176460,10,0,0
Spd_RF2_400_459_4667,80.25,1,0,104,26260,1,23.75,174362,10,0,0
Spd_RF2_400_459_4675,85.45,1,0,107,15,0,21.55,180749,10,0,0
Spd_RF2_400_459_4683,82.37,1,0,103,64951,3,20.63,179862,10,0,0
Spd_RF2_400_489_4691,63,1,0,94,39780,2,31,64477,10,0,0
Spd_RF2_400_489_4699,66.72,6,0,97,11,0,30.28,209052,10,0,0
Spd_RF2_400_489_4707,65.43,3,0,93,140923,7,27.57,206804,10,0,0
Spd_RF2_400_489_4715,65.45,1,0,94,70079,3,28.55,205617,10,0,0
Spd_RF2_400_489_4723,66.93,1,0,96,152330,9,29.07,163248,10,0,0
Spd_RF2_400_519_4731,53.28,6,0,91,10,0,37.72,160167,10,0,0
Spd_RF2_400_519_4739,48.91,10,0,88,0,0,39.09,160418,10,0,0
Spd_RF2_400_519_4747,53.99,11,0,88,2,0,34.01,149910,10,0,0
Spd_RF2_400_519_4755,52.27,10,0,90,6,0,37.73,162371,10,0,0
Spd_RF2_400_519_4763,56.74,13,0,88,7,0,31.26,131673,10,0,0
Spd_RF2_400_549_4771,40.92,79247,5,81,3,0,40.08,152259,10,0,0
Spd_RF2_400_549_4779,41.07,108895,6,82,2,0,40.93,153378,10,0,0
Spd_RF2_400_549_4787,42.3,138616,9,85,0,0,42.7,153107,10,0,0
Spd_RF2_400_549_4795,38.71,27,0,79,72409,4,40.29,151977,10,0,0
Spd_RF2_400_549_4803,46.13,87387,6,85,7,0,38.87,138203,10,0,0
Spd_RF2_40_50_611,7.07,31,0,9,8,0,1.93,2364674,10,0,0
Spd_RF2_40_50_619,6,47,0,7,1,0,1,47,0,1,0
Spd_RF2_40_50_627,6,30,0,8,0,0,2,3316582,10,0,0
Spd_RF2_40_50_635,5.63,1,0,8,464,0,2.37,134096,10,0,0
Spd_RF2_40_50_643,4.53,14,0,7,82,0,2.47,2235469,10,0,0
Spd_RF2_40_60_651,1,6516,0,5,135,0,4,2468592,10,0,0
Spd_RF2_40_60_659,1.44,10644,1,5,1268,0,3.56,80845,10,0,0
Spd_RF2_40_60_667,3,331,0,5,26093,0,2,1623145,10,0,0
Spd_RF2_40_60_675,1.02,228121,1,4,11,0,2.98,2110902,10,0,0
Spd_RF2_40_60_683,3.09,48,0,6,1831,0,2.91,1616627,10,0,0
Spd_RF2_40_71_691,0.16,37,0,2,44952,0,1.84,1387689,10,0,0
Spd_RF2_40_71_699,1.22,30,0,4,2572,0,2.78,1278793,10,0,0
Spd_RF2_40_71_707,1.11,44341,0,4,38585,0,2.89,1263572,10,0,0
Spd_RF2_40_71_715,1.17,36,0,4,54492,0,2.83,1315221,10,0,0
Spd_RF2_40_71_723,0.09,21,0,4,48946,0,3.91,1379056,10,0,0
Spd_RF2_40_81_731,-0.05,1178831,8,3,853995,5,3.05,1317064,10,0,0
Spd_RF2_40_81_739,-0.02,705950,6,2,55,0,2.02,1059695,10,0,0
Spd_RF2_40_81_747,0.02,27,0,4,656098,5,3.98,1190187,10,0,0
Spd_RF2_40_81_755,-0.01,670691,5,3,102032,0,3.01,1358337,10,0,0
Spd_RF2_40_81_763,-0.04,1209579,8,4,25069,0,4.04,1343934,10,0,0
Spd_RF2_40_92_771,-0.05,775970,6,4,2,0,4.05,1117253,10,0,0
Spd_RF2_40_92_779,-0.05,54,0,4,10,0,4.05,59029,10,0,0
Spd_RF2_40_92_787,0.1,38,0,5,18,0,4.9,65785,10,0,0
Spd_RF2_40_92_795,-0.05,811769,6,4,141190,1,4.05,1300451,10,0,0
Spd_RF2_40_92_803,-0.02,114,0,4,24,0,4.02,1236163,10,0,0
Spd_RF2_450_482_4811,117.7,1,0,129,264404,9,11.3,271168,10,0,0
Spd_RF2_450_482_4819,119.38,1,0,130,16,0,10.62,292351,10,0,0
Spd_RF2_450_482_4827,117.98,1,0,131,26774,0,13.02,289276,10,0,0
Spd_RF2_450_482_4835,117.37,1,0,129,15789,0,11.63,280444,10,0,0
Spd_RF2_450_482_4843,120.08,1,0,130,9849,0,9.92,266214,10,0,0
Spd_RF2_450_515_4851,96.83,1,0,119,5,0,22.17,216894,10,0,0
Spd_RF2_450_515_4859,96.77,1,0,121,15,0,24.23,48396,10,0,0
Spd_RF2_450_515_4867,94.83,1,0,117,3932,2,22.17,107362,10,0,0
Spd_RF2_450_515_4875,96.77,1,0,119,15447,0,22.23,131870,10,0,0
Spd_RF2_450_515_4883,92.73,1,0,119,514,0,26.27,11918,10,0,0
Spd_RF2_450_548_4891,80.56,1,0,109,3,0,28.44,151296,10,0,0
Spd_RF2_450_548_4899,77.17,1,0,106,0,0,28.83,178189,10,0,0
Spd_RF2_450_548_4907,74.74,1,0,106,7,0,31.26,205727,10,0,0
Spd_RF2_450_548_4915,71.9,3,0,108,9,0,36.1,204027,10,0,0
Spd_RF2_450_548_4923,78.14,1,0,111,3,0,32.86,206790,10,0,0
Spd_RF2_450_581_4931,63.69,88254,4,104,11,0,40.31,187354,10,0,0
Spd_RF2_450_581_4939,61.69,16,0,100,9,0,38.31,187980,10,0,0
Spd_RF2_450_581_4947,62.31,14,0,101,52451,2,38.69,190027,10,0,0
Spd_RF2_450_581_4955,60.51,3,0,101,19049,4,40.49,133500,10,0,0
Spd_RF2_450_581_4963,61.04,9,0,102,31070,1,40.96,193722,10,0,0
Spd_RF2_450_614_4971,46.56,23,0,94,10,0,47.44,175873,10,0,0
Spd_RF2_450_614_4979,47.05,10,0,96,4,0,48.95,147182,10,0,0
Spd_RF2_450_614_4987,46.21,53390,2,94,10,0,47.79,153067,10,0,0
Spd_RF2_450_614_4995,51.12,26,0,93,6,0,41.88,8380,10,0,0
Spd_RF2_450_614_5003,46.44,12,0,97,10,0,50.56,137375,10,0,0
Spd_RF2_500_534_5011,134.25,1,0,147,7366,0,12.75,190200,10,0,0
Spd_RF2_500_534_5019,133.55,1,0,146,1976,0,12.45,253309,10,0,0
Spd_RF2_500_534_5027,135.07,1,0,145,117051,4,9.93,213933,10,0,0
Spd_RF2_500_534_5035,137.57,1,0,150,1,0,12.43,203632,10,0,0
Spd_RF2_500_534_5043,132.52,1,0,147,29,0,14.48,164478,10,0,0
Spd_RF2_500_568_5051,109.38,1,0,132,26714,1,22.62,144015,10,0,0
Spd_RF2_500_568_5059,107.28,1,0,132,2968,0,24.72,158362,10,0,0
Spd_RF2_500_568_5067,109.02,1,0,136,0,0,26.98,152174,10,0,0
Spd_RF2_500_568_5075,112.07,1,0,134,6,0,21.93,118685,10,0,0
Spd_RF2_500_568_5083,111.15,1,0,131,4,0,19.85,209368,10,0,0
Spd_RF2_500_603_5091,93.34,1,0,127,21033,1,33.66,184082,10,0,0
Spd_RF2_500_603_5099,91.25,1,0,121,4,0,29.75,185053,10,0,0
Spd_RF2_500_603_5107,91.48,1,0,125,33080,1,33.52,184530,10,0,0
Spd_RF2_500_603_5115,91.19,3,0,123,53910,2,31.81,181382,10,0,0
Spd_RF2_500_603_5123,84.95,1,0,122,70661,3,37.05,182719,10,0,0
Spd_RF2_500_637_5131,78.29,3,0,117,10,0,38.71,146490,10,0,0
Spd_RF2_500_637_5139,75.04,3,0,114,13,0,38.96,150938,10,0,0
Spd_RF2_500_637_5147,75.03,40,0,110,4,0,34.97,120666,10,0,0
Spd_RF2_500_637_5155,67.14,7,0,113,9652,0,45.86,122231,10,0,0
Spd_RF2_500_637_5163,70.29,2772,0,110,4,0,39.71,142966,10,0,0
Spd_RF2_500_672_5171,59.36,11,0,110,0,0,50.64,141866,10,0,0
Spd_RF2_500_672_5179,55.38,11,0,104,3,0,48.62,149656,10,0,0
Spd_RF2_500_672_5187,49.64,9,0,106,6,0,56.36,155701,10,0,0
Spd_RF2_500_672_5195,58.43,15,0,106,11,0,47.57,157122,10,0,0
Spd_RF2_500_672_5203,57.1,11973,0,106,9,0,48.9,160630,10,0,0
Spd_RF2_60_107_1131,0.03,722150,5,7,391679,3,6.97,1233188,10,0,0
Spd_RF2_60_107_1139,2.12,952133,7,7,28020,0,4.88,1112702,10,0,0
Spd_RF2_60_107_1147,0.51,49,0,7,419,0,6.49,1164768,10,0,0
Spd_RF2_60_107_1155,1.99,594126,4,6,275906,1,4.01,1191932,10,0,0
Spd_RF2_60_107_1163,1.58,29,0,6,901582,8,4.42,1031037,10,0,0
Spd_RF2_60_119_1171,0.24,40,0,6,93975,1,5.76,980039,10,0,0
Spd_RF2_60_119_1179,0.13,41,0,6,183610,2,5.87,908374,10,0,0
Spd_RF2_60_119_1187,0.92,369122,4,6,251927,2,5.08,955970,10,0,0
Spd_RF2_60_119_1195,0.09,30,0,7,145276,1,6.91,1069533,10,0,0
Spd_RF2_60_119_1203,0.17,48,0,8,12,0,7.83,856853,10,0,0
Spd_RF2_60_71_1011,8.9,1,0,12,1,0,3.1,1694844,10,0,0
Spd_RF2_60_71_1019,12.14,31,0,14,14,0,1.86,1893983,10,0,0
Spd_RF2_60_71_1027,10.67,6,0,14,2,0,3.33,2429917,10,0,0
Spd_RF2_60_71_1035,9.47,1,0,13,7,0,3.53,3265743,10,0,0
Spd_RF2_60_71_1043,14.08,1,0,15,1,0,0.92,1,0,1,0
Spd_RF2_60_83_1051,4.43,13,0,9,2734,0,4.57,1620818,10,0,0
Spd_RF2_60_83_1059,5,3068,0,8,981594,7,3,1358361,10,0,0
Spd_RF2_60_83_1067,6,137870,1,11,7,0,5,1273895,10,0,0
Spd_RF2_60_83_1075,7.55,47,0,12,9,0,4.45,1891906,10,0,0
Spd_RF2_60_83_1083,6.09,45,0,8,860211,6,1.91,1410370,10,0,0
Spd_RF2_60_95_1091,3.33,61,0,9,465,0,5.67,1223995,10,0,0
Spd_RF2_60_95_1099,2.62,267623,2,8,189,0,5.38,1260571,10,0,0
Spd_RF2_60_95_1107,0.32,26,0,6,116786,0,5.68,1176731,10,0,0
Spd_RF2_60_95_1115,5.02,1265610,9,8,3,0,2.98,1271774,10,0,0
Spd_RF2_60_95_1123,2.14,122722,1,8,19123,0,5.86,1302407,10,0,0
Spd_RF2_80_106_1451,6.62,10,0,15,13,0,8.38,2264221,10,0,0
Spd_RF2_80_106_1459,10.35,52,0,13,43928,0,2.65,1035418,10,0,0
Spd_RF2_80_106_1467,9,39,0,16,16,0,7,1135520,10,0,0
Spd_RF2_80_106_1475,10.26,66,0,14,15694,0,3.74,982295,10,0,0
Spd_RF2_80_106_1483,8.29,3,0,14,15795,0,5.71,996433,10,0,0
Spd_RF2_80_120_1491,4.36,64,0,12,215,0,7.64,1250677,10,0,0
Spd_RF2_80_120_1499,3.99,299321,3,13,248294,2,9.01,858833,10,0,0
Spd_RF2_80_120_1507,5,579725,6,13,193424,2,8,956119,10,0,0
Spd_RF2_80_120_1515,5.55,20,0,13,43904,0,7.45,1083750,10,0,0
Spd_RF2_80_120_1523,6.19,67652,0,13,69520,0,6.81,562836,10,0,0
Spd_RF2_80_133_1531,1.91,34,0,9,147417,1,7.09,319290,10,0,0
Spd_RF2_80_133_1539,2.17,29586,6,10,27944,6,7.83,44457,10,0,0
Spd_RF2_80_133_1547,1.41,33,0,10,23,0,8.59,55608,10,0,0
Spd_RF2_80_133_1555,2.15,41,0,10,4,0,7.85,776816,10,0,0
Spd_RF2_80_133_1563,4.97,700312,7,11,314045,3,6.03,989373,10,0,0
Spd_RF2_80_147_1571,0.12,40,0,10,144006,2,9.88,802040,10,0,0
Spd_RF2_80_147_1579,2.99,264218,2,11,5877,0,8.01,684137,10,0,0
Spd_RF2_80_147_1587,1.06,33,0,10,31346,0,8.94,712766,10,0,0
Spd_RF2_80_147_1595,1.3,36,0,10,400191,5,8.7,673601,10,0,0
Spd_RF2_80_147_1603,1.17,30,0,9,75874,1,7.83,766293,10,0,0
Spd_RF2_80_93_1411,13.67,1,0,16,2669,0,2.33,1578272,10,0,0
Spd_RF2_80_93_1419,13.53,1,0,18,2,0,4.47,2141092,10,0,0
Spd_RF2_80_93_1427,16,40,0,18,0,0,2,2031341,10,0,0
Spd_RF2_80_93_1435,13.13,1,0,17,7,0,3.87,2083993,10,0,0
Spd_RF2_80_93_1443,13.9,1,0,19,25,0,5.1,1382883,10,0,0
,,,,,,,,,,8,
