Instance,LB,ILB,TLB,UP,IUP,TUP,ITER,TIME,OPTG,OPTS
input/Spd_RF2_100_114_1811.txt, 11.08333, 1, 0, 28, 18, 0, 232564, 10, 0, 0
input/Spd_RF2_100_114_1819.txt, 10.96667, 1, 0, 26, 2, 0, 283411, 10, 0, 0
input/Spd_RF2_100_114_1827.txt, 10.78333, 1, 0, 25, 5290, 0, 279517, 10, 0, 0
input/Spd_RF2_100_114_1835.txt, 10.20000, 1, 0, 24, 12, 0, 279363, 10, 0, 0
input/Spd_RF2_100_114_1843.txt, 10.33333, 1, 0, 26, 4, 0, 288609, 10, 0, 0
input/Spd_RF2_100_129_1851.txt, 6.33333, 1, 0, 20, 10531, 0, 250713, 10, 0, 0
input/Spd_RF2_100_129_1859.txt, 6.22733, 3, 0, 23, 5052, 0, 244961, 10, 0, 0
input/Spd_RF2_100_129_1867.txt, 6.40476, 1, 0, 20, 1984, 0, 253371, 10, 0, 0
input/Spd_RF2_100_129_1875.txt, 5.73333, 1, 0, 19, 17658, 0, 248796, 10, 0, 0
input/Spd_RF2_100_129_1883.txt, 6.12857, 1, 0, 19, 369, 0, 251044, 10, 0, 0
input/Spd_RF2_100_144_1891.txt, 4.04751, 32, 0, 18, 47187, 2, 219012, 10, 0, 0
input/Spd_RF2_100_144_1899.txt, 2.93040, 17, 0, 19, 20, 0, 218796, 10, 0, 0
input/Spd_RF2_100_144_1907.txt, 4.03333, 1, 0, 18, 221339, 9, 224693, 10, 0, 0
input/Spd_RF2_100_144_1915.txt, 2.48951, 16, 0, 16, 3, 0, 219039, 10, 0, 0
input/Spd_RF2_100_144_1923.txt, 2.99208, 5, 0, 19, 28, 0, 192142, 10, 0, 0
input/Spd_RF2_100_159_1931.txt, 1.75105, 24, 0, 15, 75222, 3, 198828, 10, 0, 0
input/Spd_RF2_100_159_1939.txt, 2.63751, 34, 0, 16, 2970, 0, 201315, 10, 0, 0
input/Spd_RF2_100_159_1947.txt, 0.96818, 14, 0, 15, 75350, 3, 204053, 10, 0, 0
input/Spd_RF2_100_159_1955.txt, 2.25456, 26, 0, 15, 70991, 3, 190877, 10, 0, 0
input/Spd_RF2_100_159_1963.txt, 1.14797, 22, 0, 16, 161272, 7, 202349, 10, 0, 0
input/Spd_RF2_100_174_1971.txt, 0.56159, 23, 0, 16, 16, 0, 181711, 10, 0, 0
input/Spd_RF2_100_174_1979.txt, 1.43302, 36, 0, 16, 15533, 0, 180776, 10, 0, 0
input/Spd_RF2_100_174_1987.txt, 1.80814, 31, 0, 15, 164399, 9, 175988, 10, 0, 0
input/Spd_RF2_100_174_1995.txt, 1.84852, 40, 0, 14, 106482, 5, 182606, 10, 0, 0
input/Spd_RF2_100_174_2003.txt, 1.32102, 33, 0, 13, 54566, 2, 182965, 10, 0, 0
input/Spd_RF2_120_136_2211.txt, 13.16667, 1, 0, 31, 105, 0, 235321, 10, 0, 0
input/Spd_RF2_120_136_2219.txt, 13.06667, 1, 0, 31, 15, 0, 227701, 10, 0, 0
input/Spd_RF2_120_136_2227.txt, 13.25000, 1, 0, 31, 8, 0, 232834, 10, 0, 0
input/Spd_RF2_120_136_2235.txt, 13.10000, 1, 0, 30, 103, 0, 228748, 10, 0, 0
input/Spd_RF2_120_136_2243.txt, 13.10000, 1, 0, 31, 101, 0, 231783, 10, 0, 0
input/Spd_RF2_120_152_2251.txt, 7.96667, 1, 0, 25, 539, 0, 208111, 10, 0, 0
input/Spd_RF2_120_152_2259.txt, 8.73095, 1, 0, 26, 98314, 5, 188937, 10, 0, 0
input/Spd_RF2_120_152_2267.txt, 8.38333, 1, 0, 25, 51582, 2, 206964, 10, 0, 0
input/Spd_RF2_120_152_2275.txt, 8.61667, 1, 0, 24, 1200, 0, 209514, 10, 0, 0
input/Spd_RF2_120_152_2283.txt, 8.64048, 1, 0, 27, 12203, 0, 210729, 10, 0, 0
input/Spd_RF2_120_169_2291.txt, 5.09265, 13, 0, 24, 16869, 0, 189261, 10, 0, 0
input/Spd_RF2_120_169_2299.txt, 4.97334, 13, 0, 24, 4403, 0, 184478, 10, 0, 0
input/Spd_RF2_120_169_2307.txt, 4.06293, 10, 0, 20, 65939, 3, 191835, 10, 0, 0
input/Spd_RF2_120_169_2315.txt, 4.59077, 3, 0, 23, 6392, 0, 191674, 10, 0, 0
input/Spd_RF2_120_169_2323.txt, 5.86905, 1, 0, 23, 70241, 3, 187024, 10, 0, 0
input/Spd_RF2_120_185_2331.txt, 2.92679, 19, 0, 19, 9769, 0, 169241, 10, 0, 0
input/Spd_RF2_120_185_2339.txt, 2.38624, 15, 0, 21, 83519, 5, 165064, 10, 0, 0
input/Spd_RF2_120_185_2347.txt, 1.56810, 17, 0, 22, 231, 0, 172428, 10, 0, 0
input/Spd_RF2_120_185_2355.txt, 1.12157, 22, 0, 19, 1455, 0, 167868, 10, 0, 0
input/Spd_RF2_120_185_2363.txt, 2.55724, 14, 0, 20, 25354, 1, 171659, 10, 0, 0
input/Spd_RF2_120_202_2371.txt, 1.56304, 31, 0, 18, 47916, 3, 154743, 10, 0, 0
input/Spd_RF2_120_202_2379.txt, 2.34927, 26, 0, 19, 1307, 0, 157607, 10, 0, 0
input/Spd_RF2_120_202_2387.txt, 1.88232, 26, 0, 18, 43501, 2, 153830, 10, 0, 0
input/Spd_RF2_120_202_2395.txt, 1.03207, 24, 0, 19, 27, 0, 153942, 10, 0, 0
input/Spd_RF2_120_202_2403.txt, 1.61552, 28, 0, 20, 10128, 0, 154678, 10, 0, 0
input/Spd_RF2_140_157_2611.txt, 15.43333, 1, 0, 35, 129, 0, 200759, 10, 0, 0
input/Spd_RF2_140_157_2619.txt, 15.26667, 1, 0, 35, 29, 0, 202778, 10, 0, 0
input/Spd_RF2_140_157_2627.txt, 15.51667, 1, 0, 39, 1, 0, 202412, 10, 0, 0
input/Spd_RF2_140_157_2635.txt, 15.68333, 1, 0, 35, 58068, 2, 201555, 10, 0, 0
input/Spd_RF2_140_157_2643.txt, 15.53333, 1, 0, 37, 2, 0, 202556, 10, 0, 0
input/Spd_RF2_140_175_2651.txt, 9.80000, 1, 0, 27, 11850, 0, 180534, 10, 0, 0
input/Spd_RF2_140_175_2659.txt, 10.93333, 1, 0, 31, 34799, 1, 179681, 10, 0, 0
input/Spd_RF2_140_175_2667.txt, 10.68333, 1, 0, 31, 6, 0, 182912, 10, 0, 0
input/Spd_RF2_140_175_2675.txt, 9.63810, 1, 0, 28, 154903, 8, 181551, 10, 0, 0
input/Spd_RF2_140_175_2683.txt, 10.78810, 1, 0, 33, 6049, 0, 178530, 10, 0, 0
input/Spd_RF2_140_193_2691.txt, 5.94497, 3, 0, 27, 12, 0, 159987, 10, 0, 0
input/Spd_RF2_140_193_2699.txt, 5.90662, 3, 0, 24, 11310, 0, 143415, 10, 0, 0
input/Spd_RF2_140_193_2707.txt, 6.28333, 1, 0, 26, 5003, 0, 163143, 10, 0, 0
input/Spd_RF2_140_193_2715.txt, 6.12834, 3, 0, 31, 10, 0, 10413, 10, 0, 0
input/Spd_RF2_140_193_2723.txt, 5.66133, 8, 0, 27, 8803, 0, 161528, 10, 0, 0
input/Spd_RF2_140_211_2731.txt, 3.99023, 19, 0, 25, 52667, 3, 146094, 10, 0, 0
input/Spd_RF2_140_211_2739.txt, 4.38718, 12, 0, 28, 46709, 3, 131009, 10, 0, 0
input/Spd_RF2_140_211_2747.txt, 3.37385, 11, 0, 26, 11, 0, 147796, 10, 0, 0
input/Spd_RF2_140_211_2755.txt, 3.48882, 20, 0, 21, 21, 0, 148175, 10, 0, 0
input/Spd_RF2_140_211_2763.txt, 3.14843, 8, 0, 23, 74476, 5, 147147, 10, 0, 0
input/Spd_RF2_140_229_2771.txt, 1.41209, 24, 0, 22, 18508, 1, 132401, 10, 0, 0
input/Spd_RF2_140_229_2779.txt, 1.37293, 20, 0, 20, 75748, 5, 136930, 10, 0, 0
input/Spd_RF2_140_229_2787.txt, 2.86125, 30, 0, 18, 3860, 0, 140194, 10, 0, 0
input/Spd_RF2_140_229_2795.txt, 2.97723, 26, 0, 23, 103735, 7, 134416, 10, 0, 0
input/Spd_RF2_140_229_2803.txt, 2.55704, 26, 0, 24, 71333, 5, 134774, 10, 0, 0
input/Spd_RF2_160_179_3011.txt, 17.96667, 1, 0, 42, 2, 0, 177860, 10, 0, 0
input/Spd_RF2_160_179_3019.txt, 18.50000, 1, 0, 43, 336, 0, 176435, 10, 0, 0
input/Spd_RF2_160_179_3027.txt, 18.13333, 1, 0, 45, 15, 0, 171129, 10, 0, 0
input/Spd_RF2_160_179_3035.txt, 18.30000, 1, 0, 41, 9, 0, 173795, 10, 0, 0
input/Spd_RF2_160_179_3043.txt, 18.13333, 1, 0, 42, 555, 0, 174725, 10, 0, 0
input/Spd_RF2_160_198_3051.txt, 13.25119, 1, 0, 38, 1504, 0, 155574, 10, 0, 0
input/Spd_RF2_160_198_3059.txt, 11.70000, 1, 0, 36, 32837, 2, 157079, 10, 0, 0
input/Spd_RF2_160_198_3067.txt, 12.71667, 1, 0, 35, 202, 0, 157407, 10, 0, 0
input/Spd_RF2_160_198_3075.txt, 12.51667, 1, 0, 37, 9, 0, 158800, 10, 0, 0
input/Spd_RF2_160_198_3083.txt, 13.18810, 1, 0, 37, 4574, 0, 158281, 10, 0, 0
input/Spd_RF2_160_218_3091.txt, 6.92143, 1, 0, 32, 34610, 2, 143311, 10, 0, 0
input/Spd_RF2_160_218_3099.txt, 8.29286, 1, 0, 33, 55988, 4, 122174, 10, 0, 0
input/Spd_RF2_160_218_3107.txt, 6.43810, 1, 0, 28, 7654, 0, 147745, 10, 0, 0
input/Spd_RF2_160_218_3115.txt, 6.95238, 1, 0, 30, 14097, 1, 141723, 10, 0, 0
input/Spd_RF2_160_218_3123.txt, 7.68057, 3, 0, 34, 5300, 0, 141540, 10, 0, 0
input/Spd_RF2_160_237_3131.txt, 5.90040, 20, 0, 31, 94383, 7, 129143, 10, 0, 0
input/Spd_RF2_160_237_3139.txt, 3.91380, 8, 0, 31, 19, 0, 129737, 10, 0, 0
input/Spd_RF2_160_237_3147.txt, 4.64900, 19, 0, 28, 55316, 4, 113922, 10, 0, 0
input/Spd_RF2_160_237_3155.txt, 3.00567, 8, 0, 30, 31361, 2, 113199, 10, 0, 0
input/Spd_RF2_160_237_3163.txt, 4.67100, 18, 0, 31, 20, 0, 8269, 10, 0, 0
input/Spd_RF2_160_257_3171.txt, 3.61358, 30, 0, 29, 73567, 6, 119163, 10, 0, 0
input/Spd_RF2_160_257_3179.txt, 3.88769, 29, 0, 30, 21, 0, 117219, 10, 0, 0
input/Spd_RF2_160_257_3187.txt, 1.58617, 17, 0, 28, 114340, 9, 120172, 10, 0, 0
input/Spd_RF2_160_257_3195.txt, 3.46993, 22, 0, 25, 93163, 7, 120803, 10, 0, 0
input/Spd_RF2_160_257_3203.txt, 1.77129, 20, 0, 28, 1, 0, 120827, 10, 0, 0
input/Spd_RF2_180_200_3411.txt, 21.56667, 1, 0, 48, 673, 0, 151365, 10, 0, 0
input/Spd_RF2_180_200_3419.txt, 21.40000, 1, 0, 52, 7, 0, 153002, 10, 0, 0
input/Spd_RF2_180_200_3427.txt, 21.85000, 1, 0, 50, 17, 0, 156469, 10, 0, 0
input/Spd_RF2_180_200_3435.txt, 21.73333, 1, 0, 48, 537, 0, 150714, 10, 0, 0
input/Spd_RF2_180_200_3443.txt, 20.65000, 1, 0, 49, 135, 0, 154401, 10, 0, 0
input/Spd_RF2_180_221_3451.txt, 13.45000, 1, 0, 42, 9318, 0, 141032, 10, 0, 0
input/Spd_RF2_180_221_3459.txt, 15.11667, 1, 0, 45, 9, 0, 139621, 10, 0, 0
input/Spd_RF2_180_221_3467.txt, 14.75000, 1, 0, 44, 24209, 1, 139641, 10, 0, 0
input/Spd_RF2_180_221_3475.txt, 14.45000, 1, 0, 42, 23947, 1, 140548, 10, 0, 0
input/Spd_RF2_180_221_3483.txt, 14.76667, 1, 0, 42, 49217, 3, 140254, 10, 0, 0
input/Spd_RF2_180_242_3491.txt, 9.00478, 3, 0, 35, 17, 0, 126156, 10, 0, 0
input/Spd_RF2_180_242_3499.txt, 9.89125, 3, 0, 37, 7576, 0, 125609, 10, 0, 0
input/Spd_RF2_180_242_3507.txt, 8.37206, 3, 0, 37, 12736, 1, 126810, 10, 0, 0
input/Spd_RF2_180_242_3515.txt, 8.86429, 1, 0, 38, 2, 0, 126331, 10, 0, 0
input/Spd_RF2_180_242_3523.txt, 8.36508, 3, 0, 38, 12, 0, 127374, 10, 0, 0
input/Spd_RF2_180_263_3531.txt, 4.14931, 12, 0, 30, 35871, 3, 115932, 10, 0, 0
input/Spd_RF2_180_263_3539.txt, 4.89768, 17, 0, 34, 39626, 3, 116232, 10, 0, 0
input/Spd_RF2_180_263_3547.txt, 4.44314, 10, 0, 30, 87184, 7, 117416, 10, 0, 0
input/Spd_RF2_180_263_3555.txt, 4.87766, 3, 0, 32, 59844, 5, 116283, 10, 0, 0
input/Spd_RF2_180_263_3563.txt, 6.53810, 1, 0, 35, 19378, 1, 115329, 10, 0, 0
input/Spd_RF2_180_284_3571.txt, 2.53736, 20, 0, 29, 12060, 1, 109526, 10, 0, 0
input/Spd_RF2_180_284_3579.txt, 4.00592, 23, 0, 31, 31037, 2, 107225, 10, 0, 0
input/Spd_RF2_180_284_3587.txt, 2.33788, 23, 0, 30, 8998, 0, 109410, 10, 0, 0
input/Spd_RF2_180_284_3595.txt, 3.04577, 22, 0, 32, 24809, 2, 108914, 10, 0, 0
input/Spd_RF2_180_284_3603.txt, 3.71901, 16, 0, 37, 10, 0, 107800, 10, 0, 0
input/Spd_RF2_200_222_3811.txt, 24.15000, 1, 0, 53, 1089, 0, 137115, 10, 0, 0
input/Spd_RF2_200_222_3819.txt, 23.88333, 1, 0, 54, 2, 0, 135800, 10, 0, 0
input/Spd_RF2_200_222_3827.txt, 23.68333, 1, 0, 52, 14503, 1, 138316, 10, 0, 0
input/Spd_RF2_200_222_3835.txt, 23.58095, 1, 0, 52, 35806, 2, 135741, 10, 0, 0
input/Spd_RF2_200_222_3843.txt, 24.15000, 1, 0, 53, 71, 0, 136229, 10, 0, 0
input/Spd_RF2_200_244_3851.txt, 17.03333, 1, 0, 44, 48464, 3, 127262, 10, 0, 0
input/Spd_RF2_200_244_3859.txt, 17.95000, 1, 0, 48, 9177, 0, 126011, 10, 0, 0
input/Spd_RF2_200_244_3867.txt, 16.52500, 1, 0, 47, 10, 0, 125103, 10, 0, 0
input/Spd_RF2_200_244_3875.txt, 16.43095, 1, 0, 46, 5, 0, 125350, 10, 0, 0
input/Spd_RF2_200_244_3883.txt, 16.45476, 1, 0, 45, 15492, 1, 125099, 10, 0, 0
input/Spd_RF2_200_267_3891.txt, 10.37933, 3, 0, 42, 11, 0, 113853, 10, 0, 0
input/Spd_RF2_200_267_3899.txt, 11.06667, 1, 0, 43, 13976, 1, 112443, 10, 0, 0
input/Spd_RF2_200_267_3907.txt, 9.98333, 1, 0, 40, 13943, 1, 115085, 10, 0, 0
input/Spd_RF2_200_267_3915.txt, 11.04762, 1, 0, 42, 65634, 5, 113867, 10, 0, 0
input/Spd_RF2_200_267_3923.txt, 10.92857, 1, 0, 45, 60520, 5, 112398, 10, 0, 0
input/Spd_RF2_200_289_3931.txt, 5.63098, 3, 0, 37, 32798, 3, 103772, 10, 0, 0
input/Spd_RF2_200_289_3939.txt, 6.67432, 3, 0, 41, 19652, 1, 104324, 10, 0, 0
input/Spd_RF2_200_289_3947.txt, 6.19144, 3, 0, 36, 32911, 3, 106603, 10, 0, 0
input/Spd_RF2_200_289_3955.txt, 7.02192, 3, 0, 42, 3790, 0, 103531, 10, 0, 0
input/Spd_RF2_200_289_3963.txt, 8.26353, 16, 0, 38, 43707, 4, 104123, 10, 0, 0
input/Spd_RF2_200_312_3971.txt, 5.16585, 27, 0, 35, 74084, 7, 96895, 10, 0, 0
input/Spd_RF2_200_312_3979.txt, 2.65166, 16, 0, 41, 9, 0, 95557, 10, 0, 0
input/Spd_RF2_200_312_3987.txt, 4.75742, 19, 0, 40, 42973, 4, 94824, 10, 0, 0
input/Spd_RF2_200_312_3995.txt, 3.43888, 17, 0, 38, 6, 0, 94904, 10, 0, 0
input/Spd_RF2_200_312_4003.txt, 3.97937, 21, 0, 38, 9, 0, 95033, 10, 0, 0
input/Spd_RF2_20_27_211.txt, 0.27647, 4, 0, 2, 17, 0, 1370881, 10, 0, 0
input/Spd_RF2_20_27_219.txt, 0.50000, 1, 0, 3, 2, 0, 1336463, 10, 0, 0
input/Spd_RF2_20_27_227.txt, 0.57652, 41, 0, 2, 17, 0, 1397143, 10, 0, 0
input/Spd_RF2_20_27_235.txt, 0.76474, 10, 0, 3, 8, 0, 1424219, 10, 0, 0
input/Spd_RF2_20_27_243.txt, 0.99830, 24, 0, 4, 1, 0, 1256391, 10, 0, 0
input/Spd_RF2_20_34_251.txt, 0.30347, 840, 0, 2, 49, 0, 1124999, 10, 0, 0
input/Spd_RF2_20_34_259.txt, 0.11886, 332578, 3, 1, 1341, 0, 1019190, 10, 0, 0
input/Spd_RF2_20_34_267.txt, 0.30543, 149, 0, 2, 19, 0, 1249514, 10, 0, 0
input/Spd_RF2_20_34_275.txt, 0.00878, 29, 0, 2, 12, 0, 1149411, 10, 0, 0
input/Spd_RF2_20_34_283.txt, -0.01840, 34973, 0, 2, 849, 0, 972118, 10, 0, 0
input/Spd_RF2_20_42_291.txt, 0.00536, 643101, 7, 1, 1907, 0, 839004, 10, 0, 0
input/Spd_RF2_20_42_299.txt, -0.02039, 92, 0, 0, 92, 0, 92, 0, 1, 0
input/Spd_RF2_20_42_307.txt, -0.00397, 180001, 2, 1, 10294, 0, 798298, 10, 0, 0
input/Spd_RF2_20_42_315.txt, -0.00869, 314855, 3, 1, 232, 0, 799376, 10, 0, 0
input/Spd_RF2_20_42_323.txt, -0.01314, 664015, 8, 1, 269, 0, 797768, 10, 0, 0
input/Spd_RF2_20_49_331.txt, -0.02059, 21525, 0, 1, 10187, 0, 717455, 10, 0, 0
input/Spd_RF2_20_49_339.txt, -0.01685, 605087, 8, 1, 12448, 0, 722475, 10, 0, 0
input/Spd_RF2_20_49_347.txt, -0.02503, 680386, 9, 1, 70768, 1, 706052, 10, 0, 0
input/Spd_RF2_20_49_355.txt, -0.02647, 409274, 5, 1, 13244, 0, 708550, 10, 0, 0
input/Spd_RF2_20_49_363.txt, -0.02408, 477005, 6, 1, 12180, 0, 702256, 10, 0, 0
input/Spd_RF2_20_57_371.txt, -0.03049, 357907, 5, 1, 18, 0, 626927, 10, 0, 0
input/Spd_RF2_20_57_379.txt, -0.04928, 346129, 5, 2, 5, 0, 622401, 10, 0, 0
input/Spd_RF2_20_57_387.txt, -0.02740, 391573, 6, 1, 1305, 0, 636355, 10, 0, 0
input/Spd_RF2_20_57_395.txt, -0.06779, 163857, 2, 2, 694, 0, 628881, 10, 0, 0
input/Spd_RF2_20_57_403.txt, -0.03160, 324716, 5, 1, 37, 0, 629806, 10, 0, 0
input/Spd_RF2_250_273_4011.txt, 31.86667, 1, 0, 71, 7682, 0, 111192, 10, 0, 0
input/Spd_RF2_250_273_4019.txt, 31.81667, 1, 0, 69, 343, 0, 108105, 10, 0, 0
input/Spd_RF2_250_273_4027.txt, 31.26667, 1, 0, 68, 12602, 1, 107448, 10, 0, 0
input/Spd_RF2_250_273_4035.txt, 31.01429, 1, 0, 70, 31884, 2, 109174, 10, 0, 0
input/Spd_RF2_250_273_4043.txt, 31.48333, 1, 0, 68, 88627, 8, 110537, 10, 0, 0
input/Spd_RF2_250_297_4051.txt, 22.47143, 1, 0, 61, 54510, 5, 100650, 10, 0, 0
input/Spd_RF2_250_297_4059.txt, 23.33333, 1, 0, 62, 34008, 3, 100612, 10, 0, 0
input/Spd_RF2_250_297_4067.txt, 22.59524, 1, 0, 58, 4602, 0, 100552, 10, 0, 0
input/Spd_RF2_250_297_4075.txt, 23.36429, 1, 0, 64, 9, 0, 100647, 10, 0, 0
input/Spd_RF2_250_297_4083.txt, 22.83333, 1, 0, 58, 82165, 8, 100239, 10, 0, 0
input/Spd_RF2_250_321_4091.txt, 17.89524, 1, 0, 60, 8, 0, 91175, 10, 0, 0
input/Spd_RF2_250_321_4099.txt, 17.36429, 1, 0, 59, 4860, 0, 90326, 10, 0, 0
input/Spd_RF2_250_321_4107.txt, 16.00000, 1, 0, 58, 3, 0, 93366, 10, 0, 0
input/Spd_RF2_250_321_4115.txt, 16.79881, 1, 0, 57, 35893, 3, 91998, 10, 0, 0
input/Spd_RF2_250_321_4123.txt, 18.46429, 1, 0, 56, 26744, 2, 92100, 10, 0, 0
input/Spd_RF2_250_345_4131.txt, 9.82326, 3, 0, 54, 1, 0, 86391, 10, 0, 0
input/Spd_RF2_250_345_4139.txt, 12.19466, 3, 0, 53, 16329, 1, 84827, 10, 0, 0
input/Spd_RF2_250_345_4147.txt, 10.71190, 1, 0, 52, 69906, 8, 86565, 10, 0, 0
input/Spd_RF2_250_345_4155.txt, 9.80952, 1, 0, 52, 42252, 4, 87176, 10, 0, 0
input/Spd_RF2_250_345_4163.txt, 11.56429, 3, 0, 53, 2, 0, 85645, 10, 0, 0
input/Spd_RF2_250_369_4171.txt, 7.12717, 16, 0, 54, 8, 0, 78501, 10, 0, 0
input/Spd_RF2_250_369_4179.txt, 5.31667, 1, 0, 48, 59578, 7, 81197, 10, 0, 0
input/Spd_RF2_250_369_4187.txt, 6.26640, 10, 0, 46, 2078, 0, 79163, 10, 0, 0
input/Spd_RF2_250_369_4195.txt, 6.03229, 19, 0, 48, 26635, 3, 79157, 10, 0, 0
input/Spd_RF2_250_369_4203.txt, 6.31910, 14, 0, 50, 8, 0, 79000, 10, 0, 0
input/Spd_RF2_300_326_4211.txt, 39.06667, 1, 0, 86, 135, 0, 90770, 10, 0, 0
input/Spd_RF2_300_326_4219.txt, 38.93333, 1, 0, 81, 480, 0, 89746, 10, 0, 0
input/Spd_RF2_300_326_4227.txt, 38.46667, 1, 0, 84, 301, 0, 89945, 10, 0, 0
input/Spd_RF2_300_326_4235.txt, 38.29762, 1, 0, 85, 772, 0, 90366, 10, 0, 0
input/Spd_RF2_300_326_4243.txt, 39.60000, 1, 0, 85, 8668, 0, 90298, 10, 0, 0
input/Spd_RF2_300_353_4251.txt, 29.91429, 1, 0, 77, 12, 0, 83568, 10, 0, 0
input/Spd_RF2_300_353_4259.txt, 29.67143, 1, 0, 74, 18, 0, 82338, 10, 0, 0
input/Spd_RF2_300_353_4267.txt, 30.58333, 1, 0, 79, 35, 0, 82984, 10, 0, 0
input/Spd_RF2_300_353_4275.txt, 29.96905, 1, 0, 77, 12, 0, 82719, 10, 0, 0
input/Spd_RF2_300_353_4283.txt, 29.63810, 1, 0, 77, 29138, 3, 83701, 10, 0, 0
input/Spd_RF2_300_380_4291.txt, 23.75476, 1, 0, 74, 9, 0, 76034, 10, 0, 0
input/Spd_RF2_300_380_4299.txt, 21.86905, 1, 0, 70, 32692, 4, 76029, 10, 0, 0
input/Spd_RF2_300_380_4307.txt, 20.33929, 1, 0, 72, 7535, 0, 75131, 10, 0, 0
input/Spd_RF2_300_380_4315.txt, 19.66905, 1, 0, 67, 20, 0, 77493, 10, 0, 0
input/Spd_RF2_300_380_4323.txt, 22.36905, 1, 0, 72, 59599, 7, 76195, 10, 0, 0
input/Spd_RF2_300_407_4331.txt, 15.65000, 1, 0, 67, 4, 0, 71457, 10, 0, 0
input/Spd_RF2_300_407_4339.txt, 15.89560, 3, 0, 66, 4, 0, 71586, 10, 0, 0
input/Spd_RF2_300_407_4347.txt, 16.05476, 1, 0, 63, 42568, 5, 71239, 10, 0, 0
input/Spd_RF2_300_407_4355.txt, 14.28444, 3, 0, 66, 18, 0, 62730, 10, 0, 0
input/Spd_RF2_300_407_4363.txt, 15.88571, 1, 0, 66, 24, 0, 69840, 10, 0, 0
input/Spd_RF2_300_434_4371.txt, 11.11387, 16, 0, 62, 2146, 0, 65672, 10, 0, 0
input/Spd_RF2_300_434_4379.txt, 9.30739, 5, 0, 62, 34826, 5, 66614, 10, 0, 0
input/Spd_RF2_300_434_4387.txt, 9.01684, 14, 0, 62, 28819, 4, 65945, 10, 0, 0
input/Spd_RF2_300_434_4395.txt, 9.28874, 15, 0, 62, 10156, 1, 67499, 10, 0, 0
input/Spd_RF2_300_434_4403.txt, 12.62540, 23, 0, 63, 20386, 3, 66142, 10, 0, 0
input/Spd_RF2_350_378_4411.txt, 46.40000, 1, 0, 98, 16814, 2, 76917, 10, 0, 0
input/Spd_RF2_350_378_4419.txt, 45.28333, 1, 0, 97, 4579, 0, 77167, 10, 0, 0
input/Spd_RF2_350_378_4427.txt, 45.96667, 1, 0, 100, 701, 0, 76243, 10, 0, 0
input/Spd_RF2_350_378_4435.txt, 45.60000, 1, 0, 96, 610, 0, 76543, 10, 0, 0
input/Spd_RF2_350_378_4443.txt, 45.55000, 1, 0, 98, 157, 0, 64642, 10, 0, 0
input/Spd_RF2_350_406_4451.txt, 36.85238, 1, 0, 90, 2427, 5, 4581, 10, 0, 0
input/Spd_RF2_350_406_4459.txt, 36.48095, 1, 0, 90, 6750, 0, 71621, 10, 0, 0
input/Spd_RF2_350_406_4467.txt, 36.81667, 1, 0, 91, 9, 0, 71155, 10, 0, 0
input/Spd_RF2_350_406_4475.txt, 34.95833, 1, 0, 87, 7, 0, 71416, 10, 0, 0
input/Spd_RF2_350_406_4483.txt, 35.64762, 1, 0, 92, 6, 0, 71380, 10, 0, 0
input/Spd_RF2_350_435_4491.txt, 27.16429, 1, 0, 81, 26243, 3, 66530, 10, 0, 0
input/Spd_RF2_350_435_4499.txt, 27.10238, 1, 0, 80, 7353, 1, 66319, 10, 0, 0
input/Spd_RF2_350_435_4507.txt, 26.70476, 1, 0, 79, 8, 0, 67842, 10, 0, 0
input/Spd_RF2_350_435_4515.txt, 27.51190, 1, 0, 82, 42053, 6, 66970, 10, 0, 0
input/Spd_RF2_350_435_4523.txt, 27.43571, 1, 0, 82, 13248, 2, 65784, 10, 0, 0
input/Spd_RF2_350_463_4531.txt, 21.30476, 1, 0, 80, 1308, 0, 61493, 10, 0, 0
input/Spd_RF2_350_463_4539.txt, 20.40476, 1, 0, 74, 13169, 2, 63764, 10, 0, 0
input/Spd_RF2_350_463_4547.txt, 19.66905, 1, 0, 75, 29180, 4, 63008, 10, 0, 0
input/Spd_RF2_350_463_4555.txt, 18.62143, 1, 0, 78, 6, 0, 63287, 10, 0, 0
input/Spd_RF2_350_463_4563.txt, 21.16667, 1, 0, 77, 11082, 1, 62433, 10, 0, 0
input/Spd_RF2_350_492_4571.txt, 14.23073, 5, 0, 70, 17781, 3, 58297, 10, 0, 0
input/Spd_RF2_350_492_4579.txt, 15.29330, 3, 0, 75, 5268, 0, 58417, 10, 0, 0
input/Spd_RF2_350_492_4587.txt, 12.40000, 1, 0, 73, 42026, 7, 58399, 10, 0, 0
input/Spd_RF2_350_492_4595.txt, 13.67766, 3, 0, 71, 1348, 0, 58831, 10, 0, 0
input/Spd_RF2_350_492_4603.txt, 14.91623, 3, 0, 78, 1, 0, 57751, 10, 0, 0
input/Spd_RF2_400_429_4611.txt, 53.56667, 1, 0, 117, 1718, 0, 66776, 10, 0, 0
input/Spd_RF2_400_429_4619.txt, 54.26667, 1, 0, 116, 1236, 0, 66846, 10, 0, 0
input/Spd_RF2_400_429_4627.txt, 53.71667, 1, 0, 117, 2284, 0, 66288, 10, 0, 0
input/Spd_RF2_400_429_4635.txt, 53.73333, 1, 0, 114, 12621, 1, 66584, 10, 0, 0
input/Spd_RF2_400_429_4643.txt, 54.81667, 1, 0, 118, 10343, 1, 67003, 10, 0, 0
input/Spd_RF2_400_459_4651.txt, 43.66667, 1, 0, 108, 2564, 0, 61856, 10, 0, 0
input/Spd_RF2_400_459_4659.txt, 43.37500, 1, 0, 103, 8007, 1, 62706, 10, 0, 0
input/Spd_RF2_400_459_4667.txt, 43.28333, 1, 0, 106, 2617, 0, 62733, 10, 0, 0
input/Spd_RF2_400_459_4675.txt, 43.86667, 1, 0, 109, 6672, 1, 61110, 10, 0, 0
input/Spd_RF2_400_459_4683.txt, 42.70000, 1, 0, 107, 8, 0, 60743, 10, 0, 0
input/Spd_RF2_400_489_4691.txt, 32.90000, 1, 0, 95, 2930, 0, 58138, 10, 0, 0
input/Spd_RF2_400_489_4699.txt, 34.66905, 1, 0, 100, 29022, 5, 57874, 10, 0, 0
input/Spd_RF2_400_489_4707.txt, 33.29762, 1, 0, 97, 5192, 0, 58950, 10, 0, 0
input/Spd_RF2_400_489_4715.txt, 33.73333, 1, 0, 96, 47338, 8, 58164, 10, 0, 0
input/Spd_RF2_400_489_4723.txt, 34.03095, 1, 0, 94, 12769, 2, 57626, 10, 0, 0
input/Spd_RF2_400_519_4731.txt, 25.47143, 1, 0, 94, 20, 0, 55192, 10, 0, 0
input/Spd_RF2_400_519_4739.txt, 24.66429, 1, 0, 92, 9, 0, 55115, 10, 0, 0
input/Spd_RF2_400_519_4747.txt, 25.99048, 1, 0, 92, 5261, 0, 55566, 10, 0, 0
input/Spd_RF2_400_519_4755.txt, 25.90000, 1, 0, 90, 6601, 1, 55260, 10, 0, 0
input/Spd_RF2_400_519_4763.txt, 24.96071, 1, 0, 90, 14007, 2, 55491, 10, 0, 0
input/Spd_RF2_400_549_4771.txt, 18.86667, 1, 0, 87, 10, 0, 52112, 10, 0, 0
input/Spd_RF2_400_549_4779.txt, 18.22994, 3, 0, 87, 49250, 9, 51807, 10, 0, 0
input/Spd_RF2_400_549_4787.txt, 17.98214, 1, 0, 86, 12, 0, 51971, 10, 0, 0
input/Spd_RF2_400_549_4795.txt, 17.99881, 1, 0, 80, 42056, 8, 52471, 10, 0, 0
input/Spd_RF2_400_549_4803.txt, 20.66310, 1, 0, 88, 14274, 2, 52004, 10, 0, 0
input/Spd_RF2_40_50_611.txt, 2.78278, 5, 0, 9, 56, 0, 702810, 10, 0, 0
input/Spd_RF2_40_50_619.txt, 2.16667, 1, 0, 7, 186, 0, 705821, 10, 0, 0
input/Spd_RF2_40_50_627.txt, 2.60049, 38, 0, 8, 14, 0, 703440, 10, 0, 0
input/Spd_RF2_40_50_635.txt, 2.63333, 1, 0, 9, 24, 0, 717309, 10, 0, 0
input/Spd_RF2_40_50_643.txt, 2.45188, 6231, 0, 8, 1, 0, 685053, 10, 0, 0
input/Spd_RF2_40_60_651.txt, 0.51321, 20, 0, 5, 32651, 0, 590780, 10, 0, 0
input/Spd_RF2_40_60_659.txt, 1.13223, 23, 0, 5, 6, 0, 647368, 10, 0, 0
input/Spd_RF2_40_60_667.txt, 0.54177, 14, 0, 5, 19074, 0, 573190, 10, 0, 0
input/Spd_RF2_40_60_675.txt, 0.27411, 280996, 4, 4, 287857, 4, 579052, 10, 0, 0
input/Spd_RF2_40_60_683.txt, 0.87439, 35, 0, 7, 6, 0, 626525, 10, 0, 0
input/Spd_RF2_40_71_691.txt, 0.15543, 37, 0, 2, 27921, 0, 494153, 10, 0, 0
input/Spd_RF2_40_71_699.txt, 0.54518, 28, 0, 5, 2676, 0, 509537, 10, 0, 0
input/Spd_RF2_40_71_707.txt, 0.48424, 28, 0, 4, 33930, 0, 469702, 10, 0, 0
input/Spd_RF2_40_71_715.txt, 0.37555, 27, 0, 4, 91968, 2, 459427, 10, 0, 0
input/Spd_RF2_40_71_723.txt, 0.08863, 21, 0, 4, 135222, 2, 467416, 10, 0, 0
input/Spd_RF2_40_81_731.txt, -0.06112, 153175, 3, 4, 34957, 0, 403595, 10, 0, 0
input/Spd_RF2_40_81_739.txt, -0.02562, 259152, 6, 2, 55, 0, 407545, 10, 0, 0
input/Spd_RF2_40_81_747.txt, 0.01607, 27, 0, 4, 281646, 6, 422767, 10, 0, 0
input/Spd_RF2_40_81_755.txt, -0.01908, 387796, 9, 3, 300585, 7, 424291, 10, 0, 0
input/Spd_RF2_40_81_763.txt, -0.04642, 123208, 2, 4, 25069, 0, 416835, 10, 0, 0
input/Spd_RF2_40_92_771.txt, -0.04866, 228548, 6, 4, 2, 0, 372461, 10, 0, 0
input/Spd_RF2_40_92_779.txt, -0.05457, 54, 0, 4, 10, 0, 362559, 10, 0, 0
input/Spd_RF2_40_92_787.txt, 0.09567, 38, 0, 4, 21255, 0, 366995, 10, 0, 0
input/Spd_RF2_40_92_795.txt, -0.05843, 301230, 7, 4, 128970, 3, 381361, 10, 0, 0
input/Spd_RF2_40_92_803.txt, -0.01698, 114, 0, 4, 24, 0, 318881, 10, 0, 0
input/Spd_RF2_450_482_4811.txt, 60.73333, 1, 0, 130, 6478, 1, 57839, 10, 0, 0
input/Spd_RF2_450_482_4819.txt, 60.55000, 1, 0, 130, 18542, 3, 58766, 10, 0, 0
input/Spd_RF2_450_482_4827.txt, 60.68333, 1, 0, 132, 18167, 3, 58499, 10, 0, 0
input/Spd_RF2_450_482_4835.txt, 61.36667, 1, 0, 131, 54258, 9, 58406, 10, 0, 0
input/Spd_RF2_450_482_4843.txt, 61.08333, 1, 0, 131, 384, 0, 58891, 10, 0, 0
input/Spd_RF2_450_515_4851.txt, 49.00000, 1, 0, 120, 35857, 6, 55113, 10, 0, 0
input/Spd_RF2_450_515_4859.txt, 49.26429, 1, 0, 119, 6, 0, 55405, 10, 0, 0
input/Spd_RF2_450_515_4867.txt, 48.01667, 1, 0, 121, 340, 0, 56031, 10, 0, 0
input/Spd_RF2_450_515_4875.txt, 49.13810, 1, 0, 121, 9, 0, 53446, 10, 0, 0
input/Spd_RF2_450_515_4883.txt, 48.15000, 1, 0, 119, 6, 0, 55503, 10, 0, 0
input/Spd_RF2_450_548_4891.txt, 38.75476, 1, 0, 108, 1219, 0, 51489, 10, 0, 0
input/Spd_RF2_450_548_4899.txt, 38.81429, 1, 0, 109, 13102, 2, 51352, 10, 0, 0
input/Spd_RF2_450_548_4907.txt, 38.39524, 1, 0, 106, 1913, 0, 52221, 10, 0, 0
input/Spd_RF2_450_548_4915.txt, 37.88810, 1, 0, 106, 9956, 1, 52187, 10, 0, 0
input/Spd_RF2_450_548_4923.txt, 39.19762, 1, 0, 116, 27231, 5, 51082, 10, 0, 0
input/Spd_RF2_450_581_4931.txt, 29.64405, 1, 0, 109, 20, 0, 47781, 10, 0, 0
input/Spd_RF2_450_581_4939.txt, 29.98810, 1, 0, 100, 21609, 4, 48684, 10, 0, 0
input/Spd_RF2_450_581_4947.txt, 30.51667, 1, 0, 100, 10490, 2, 48771, 10, 0, 0
input/Spd_RF2_450_581_4955.txt, 31.01429, 1, 0, 103, 16337, 3, 48434, 10, 0, 0
input/Spd_RF2_450_581_4963.txt, 30.00000, 1, 0, 101, 15921, 3, 48868, 10, 0, 0
input/Spd_RF2_450_614_4971.txt, 22.66677, 3, 0, 99, 5707, 1, 45111, 10, 0, 0
input/Spd_RF2_450_614_4979.txt, 23.25476, 1, 0, 99, 5804, 1, 45800, 10, 0, 0
input/Spd_RF2_450_614_4987.txt, 21.25130, 3, 0, 99, 30887, 6, 45974, 10, 0, 0
input/Spd_RF2_450_614_4995.txt, 21.94710, 3, 0, 95, 61, 0, 46146, 10, 0, 0
input/Spd_RF2_450_614_5003.txt, 22.65801, 3, 0, 98, 9711, 2, 45623, 10, 0, 0
input/Spd_RF2_500_534_5011.txt, 67.86667, 1, 0, 144, 867, 0, 52261, 10, 0, 0
input/Spd_RF2_500_534_5019.txt, 68.56667, 1, 0, 147, 5466, 1, 52587, 10, 0, 0
input/Spd_RF2_500_534_5027.txt, 68.78333, 1, 0, 147, 2365, 0, 52154, 10, 0, 0
input/Spd_RF2_500_534_5035.txt, 69.86667, 1, 0, 148, 22509, 4, 52273, 10, 0, 0
input/Spd_RF2_500_534_5043.txt, 68.06667, 1, 0, 146, 45772, 8, 52228, 10, 0, 0
input/Spd_RF2_500_568_5051.txt, 56.10000, 1, 0, 130, 2193, 0, 49624, 10, 0, 0
input/Spd_RF2_500_568_5059.txt, 56.45000, 1, 0, 136, 6, 0, 49239, 10, 0, 0
input/Spd_RF2_500_568_5067.txt, 55.43333, 1, 0, 134, 6, 0, 50010, 10, 0, 0
input/Spd_RF2_500_568_5075.txt, 56.91667, 1, 0, 137, 4, 0, 48973, 10, 0, 0
input/Spd_RF2_500_568_5083.txt, 56.14286, 1, 0, 134, 6, 0, 49210, 10, 0, 0
input/Spd_RF2_500_603_5091.txt, 47.23810, 1, 0, 128, 12078, 2, 46835, 10, 0, 0
input/Spd_RF2_500_603_5099.txt, 45.41429, 1, 0, 120, 1881, 0, 46714, 10, 0, 0
input/Spd_RF2_500_603_5107.txt, 46.28571, 1, 0, 126, 6, 0, 46617, 10, 0, 0
input/Spd_RF2_500_603_5115.txt, 45.74286, 1, 0, 124, 22020, 4, 46974, 10, 0, 0
input/Spd_RF2_500_603_5123.txt, 43.53571, 1, 0, 123, 17465, 3, 46755, 10, 0, 0
input/Spd_RF2_500_637_5131.txt, 37.25714, 1, 0, 120, 104, 0, 43552, 10, 0, 0
input/Spd_RF2_500_637_5139.txt, 36.14048, 1, 0, 118, 2307, 0, 44078, 10, 0, 0
input/Spd_RF2_500_637_5147.txt, 35.50238, 1, 0, 111, 12923, 2, 43683, 10, 0, 0
input/Spd_RF2_500_637_5155.txt, 34.28810, 1, 0, 112, 30541, 6, 44543, 10, 0, 0
input/Spd_RF2_500_637_5163.txt, 34.72143, 1, 0, 116, 4, 0, 43982, 10, 0, 0
input/Spd_RF2_500_672_5171.txt, 28.90000, 1, 0, 112, 604, 0, 41305, 10, 0, 0
input/Spd_RF2_500_672_5179.txt, 27.26429, 1, 0, 106, 24572, 5, 41504, 10, 0, 0
input/Spd_RF2_500_672_5187.txt, 23.78333, 1, 0, 102, 2461, 0, 41719, 10, 0, 0
input/Spd_RF2_500_672_5195.txt, 27.45714, 1, 0, 109, 14578, 3, 41850, 10, 0, 0
input/Spd_RF2_500_672_5203.txt, 26.01548, 1, 0, 108, 11034, 2, 41830, 10, 0, 0
input/Spd_RF2_60_107_1131.txt, 0.01760, 119667, 3, 7, 204949, 6, 307153, 10, 0, 0
input/Spd_RF2_60_107_1139.txt, 0.86189, 31, 0, 8, 26, 0, 328795, 10, 0, 0
input/Spd_RF2_60_107_1147.txt, 0.44509, 55, 0, 7, 31852, 1, 303571, 10, 0, 0
input/Spd_RF2_60_107_1155.txt, 0.22698, 130693, 4, 8, 20401, 0, 313166, 10, 0, 0
input/Spd_RF2_60_107_1163.txt, 1.03846, 24, 0, 6, 29244, 0, 314685, 10, 0, 0
input/Spd_RF2_60_119_1171.txt, 0.24291, 40, 0, 7, 31958, 1, 282276, 10, 0, 0
input/Spd_RF2_60_119_1179.txt, 0.12552, 41, 0, 7, 50, 0, 279193, 10, 0, 0
input/Spd_RF2_60_119_1187.txt, 0.11888, 130905, 4, 8, 9311, 0, 273187, 10, 0, 0
input/Spd_RF2_60_119_1195.txt, 0.08717, 30, 0, 8, 2597, 0, 274511, 10, 0, 0
input/Spd_RF2_60_119_1203.txt, 0.17412, 48, 0, 8, 12, 0, 276550, 10, 0, 0
input/Spd_RF2_60_71_1011.txt, 4.65000, 1, 0, 12, 3, 0, 481142, 10, 0, 0
input/Spd_RF2_60_71_1019.txt, 5.45000, 1, 0, 15, 28, 0, 455404, 10, 0, 0
input/Spd_RF2_60_71_1027.txt, 5.21667, 1, 0, 14, 2, 0, 502189, 10, 0, 0
input/Spd_RF2_60_71_1035.txt, 4.63333, 1, 0, 13, 1, 0, 480488, 10, 0, 0
input/Spd_RF2_60_71_1043.txt, 5.93333, 1, 0, 15, 140, 0, 474858, 10, 0, 0
input/Spd_RF2_60_83_1051.txt, 2.12135, 5, 0, 10, 69423, 1, 395518, 10, 0, 0
input/Spd_RF2_60_83_1059.txt, 1.87143, 1, 0, 9, 29136, 0, 401099, 10, 0, 0
input/Spd_RF2_60_83_1067.txt, 2.31360, 5, 0, 12, 20659, 0, 392814, 10, 0, 0
input/Spd_RF2_60_83_1075.txt, 3.22837, 17, 0, 11, 485, 0, 346507, 10, 0, 0
input/Spd_RF2_60_83_1083.txt, 2.54484, 22, 0, 10, 7, 0, 393046, 10, 0, 0
input/Spd_RF2_60_95_1091.txt, 1.90307, 41, 0, 8, 75, 0, 358550, 10, 0, 0
input/Spd_RF2_60_95_1099.txt, 1.03851, 15, 0, 8, 406, 0, 365288, 10, 0, 0
input/Spd_RF2_60_95_1107.txt, 0.32482, 26, 0, 6, 200462, 5, 359121, 10, 0, 0
input/Spd_RF2_60_95_1115.txt, 0.80299, 211599, 6, 9, 8833, 0, 352200, 10, 0, 0
input/Spd_RF2_60_95_1123.txt, 0.78098, 20, 0, 8, 151, 0, 359315, 10, 0, 0
input/Spd_RF2_80_106_1451.txt, 3.82226, 10, 0, 16, 4, 0, 305051, 10, 0, 0
input/Spd_RF2_80_106_1459.txt, 4.05557, 17, 0, 14, 256, 0, 309958, 10, 0, 0
input/Spd_RF2_80_106_1467.txt, 3.91667, 1, 0, 15, 38, 0, 316722, 10, 0, 0
input/Spd_RF2_80_106_1475.txt, 3.95476, 1, 0, 14, 55356, 1, 312098, 10, 0, 0
input/Spd_RF2_80_106_1483.txt, 4.03333, 1, 0, 15, 2676, 0, 311201, 10, 0, 0
input/Spd_RF2_80_120_1491.txt, 1.66514, 106287, 3, 12, 1007, 0, 280631, 10, 0, 0
input/Spd_RF2_80_120_1499.txt, 0.92379, 5, 0, 14, 105720, 3, 268039, 10, 0, 0
input/Spd_RF2_80_120_1507.txt, 2.12582, 25, 0, 13, 3, 0, 267349, 10, 0, 0
input/Spd_RF2_80_120_1515.txt, 2.55324, 12, 0, 14, 59338, 2, 268879, 10, 0, 0
input/Spd_RF2_80_120_1523.txt, 2.05239, 20, 0, 15, 9402, 0, 272443, 10, 0, 0
input/Spd_RF2_80_133_1531.txt, 1.64819, 48, 0, 11, 17, 0, 218594, 10, 0, 0
input/Spd_RF2_80_133_1539.txt, 0.22094, 40786, 1, 10, 34378, 1, 250483, 10, 0, 0
input/Spd_RF2_80_133_1547.txt, 1.02884, 66713, 2, 10, 5905, 0, 249263, 10, 0, 0
input/Spd_RF2_80_133_1555.txt, 0.54369, 37, 0, 10, 6, 0, 246518, 10, 0, 0
input/Spd_RF2_80_133_1563.txt, 1.27364, 15, 0, 12, 24862, 1, 240396, 10, 0, 0
input/Spd_RF2_80_147_1571.txt, 0.11724, 40, 0, 10, 3179, 0, 217265, 10, 0, 0
input/Spd_RF2_80_147_1579.txt, 0.63957, 34, 0, 11, 14429, 0, 213471, 10, 0, 0
input/Spd_RF2_80_147_1587.txt, 0.79163, 41, 0, 10, 38, 0, 218634, 10, 0, 0
input/Spd_RF2_80_147_1595.txt, 0.90386, 30, 0, 11, 11490, 0, 191060, 10, 0, 0
input/Spd_RF2_80_147_1603.txt, 0.87008, 33, 0, 10, 52454, 2, 214057, 10, 0, 0
input/Spd_RF2_80_93_1411.txt, 7.13333, 1, 0, 17, 16, 0, 372815, 10, 0, 0
input/Spd_RF2_80_93_1419.txt, 7.33333, 1, 0, 18, 43, 0, 353893, 10, 0, 0
input/Spd_RF2_80_93_1427.txt, 7.20000, 1, 0, 17, 50, 0, 358889, 10, 0, 0
input/Spd_RF2_80_93_1435.txt, 7.16667, 1, 0, 16, 25, 0, 360324, 10, 0, 0
input/Spd_RF2_80_93_1443.txt, 7.55000, 1, 0, 20, 36, 0, 359017, 10, 0, 0
